clmStanding,clmId,clmName,meleeId,meleeUser,meleePlayerName,fugueteUserId,fugueteNome,fugueteNick,deckId,deckName,matchHow,score,inFuguete
1,106696,Victor Hugo,4424381,Invictor,victor hugo Invictor,8956bcca-34bb-40f1-a1b2-3797f33de6a6,Victor Hugo,Invictor,1817bf83-e379-4c0b-9ae3-f7b219cc1d29,Burn,exact_name,100,True
2,72661,Renato Augusto Barbosa,4469094,TardSir,Renato Augusto Barbosa,916332b3-7c58-4671-a51a-76c0b850346e,Renato Augusto Barbosa,TardSir,37e176a3-9714-46b3-841e-8231cc639600,4C Gates Soup,fuzzy,8.5,True
3,50329,Valter Alexsandro,4452527,VaT69,VaT 69,03186fc3-35b1-4931-9fc9-6e792d224bdb,Valter Alexsandro,VaT69,f558763f-1a30-40c1-bd4a-a09adbbc9c25,Mono Red Rally,manual_user,10,True
4,99278,Carlos Alexandre Machado de Moraes,4298014,CarlosMachado,Carlos Alexandre Machado de Moraes,d26d35d2-1737-48e7-9c96-381200d8a213,Carlos Alexandre Machado de Moraes,CarlosMachado,a8eb15fc-eed3-4724-9e24-5e191eeed704,Esper Affinity,fuzzy,10.5,True
5,37333,GELSON WOLFF DE BARROS NETO,4453637,GelsonWOlff,Gelson Wolff,9c03e2f0-09ff-4ef9-9784-fcdfa87d76f7,Gelson Wolff,GelsonWOlff,3c16908c-43fd-4be5-877b-88f0860f584a,Land Spy,fuzzy,4.0,True
6,83098,THIAGO MODOLO TAVARES,4419744,MALLAYDER,THIAGO THIAGO,47ff89ca-1068-4747-b034-4f1b068bffc4,Thiago,MALLAYDER,f7617dea-70bb-4b68-a82b-e44b1beef8f3,Mono Black,manual2,7,True
7,295756,Francisco Do Valle Ribeiro Pontin (kiko),4475572,kiko2509,Francisco Pontin,aa3abc6d-756d-47ec-bc91-dcbf10d6ed49,Francisco Pontin,kiko2509,164e83db-e3a9-4299-aeb2-974418b45408,Simic Turbofog,surname:pontin,8,True
8,49976,Pedro Manzoni,4457806,Manzoni,Pedro Manzoni,373f2578-d5a5-4d07-81c4-6a59a9432ed7,Pedro Manzoni,Manzoni,85b051a9-17f3-4b03-a0cb-c3aaee20d6c9,Mono Red Madness,fuzzy,8.5,True
9,232271,Lucas Ikezawa,4456493,Shiroya,Lucas Hiroyuki Nogueira Ikezawa Shiroya,7f19b407-2d78-47a2-8251-250306f85f1d,Lucas Hiroyuki Nogueira Ikezawa,Shiroya1312,e2b61ba0-034f-4844-8504-60f742f4af97,Boros Tribe,fuzzy,6.5,True
10,25087,Murilo Luis da Silva de Paula,4465361,MuriloMuka,Murilo Muka  Murilo Muka ,6920c82c-d3da-4ec7-8da8-e5c57f286ec2,Murilo Muka,Muka33,8fcd920e-82aa-4399-8107-a416824128ab,Dimir Midrange,manual2,7,True
11,191574,Pedro Júniior,4460572,PedroJuniior,Pedro juniior BuuGaaDuu,ac4b7afa-a106-4ef8-b2db-5966a8892ae3,Pedro Junior,PedroJuniior,de59f0cd-5281-42e7-8c66-dc9340c65dc9,Gruul Cawgate,fuzzy,6.5,True
12,124981,Vinicius Krauspenhar Raymundi,4467444,Spock,Vinicius Raymundi,158fd46a-3635-4eac-a219-c36426e07e2d,Vinicius Raymundi,Spock,213a3d38-8141-4e78-b636-fb30ae49ce0d,Dimir Control,fuzzy,6.0,True
13,746222,Felipe Sanches Souza,4465470,FeSouza,Felipe Souza Fê Souza,19953e68-0465-4443-ada1-2dcdb8d51ee0,Felipe Souza,FeSouza,f5c2381f-903b-4f5d-9b91-d752fa57575b,Mono Red Madness,fuzzy,6.0,True
14,642182,Benjamin François Soler,4320622,benjamin13,Benjamin Soler,0141bcc1-908b-450d-93c4-59771f3b410a,Benjamin Soler,benjamin13,d828147c-411f-4461-99a4-cebdb2336cd3,Gruul,fuzzy,6.0,True
15,174595,Cristiano Crivellente Cristo,4452635,CristianoCristo,Cristiano Cristo,7c1263da-95cd-46a9-97de-80fc2a4eed19,Cristiano Cristo,Cristiano_Cristo,c789a578-4b4c-49fe-b092-35ef5cd3c70a,Mono Red Madness,fuzzy,6.0,True
16,58747,Leonardo Grillo,4417670,Elvengrillo,Leonardo Grillo,512e83fc-5c84-4c6f-8887-501d6bef0294,Leonardo Grillo,Elvengrillo,3dc8245b-ca9d-43c5-9ffa-17032d1cf166,Elfos Mono Green,fuzzy,6.5,True
17,53356,Rafael Gullyt Cardoso,4455916,Gullyt,Rafael  Gullyt Cardoso,d8ffc4b4-7351-465a-b8be-a9eb85fda119,Rafael Gullyt Cardoso,Gullyt,ac30b80b-1228-4adf-bc75-6b2fece0bddb,Sultai Turbofog,fuzzy,10.5,True
18,267373,Rodrigo Bonifácio Costa,4461493,rodrigocosta15,Rodrigo Costa,c1fd816e-a2d0-4a5a-8cb8-a758d466ced2,Rodrigo Costa,rodrigocosta15,1fb29fae-f4a9-4dc5-aca9-f84244fe3590,Land Spy,fuzzy,6.0,True
19,104088,Rodrigo Munhoz,4462248,RodrigoMunhoz,Rodrigo MUNHOZ,ea7de0ce-bdd3-4fd5-87e1-651dda1215dd,Rodrigo Munhoz,RodrigoMunhoz,25d0449e-5e4a-47ca-ba26-5cb9288e831e,Elfos Mono Green,fuzzy,6.5,True
20,233676,Iuri Assalin,4461700,iuriassalin,Iuri Assalin,a8fcd449-7ccb-4eba-bb1b-ec341b6b02fe,Iuri Assalin,iuriassalin,321feddd-3aa5-4f63-890e-ec0ca13ba209,Mono Blue Terror,fuzzy,6.5,True
21,519381,vithor ben,4461780,Vithor,Vithor Ben,019f55ef-94ef-43d1-8be9-6d13b2e66d41,Vithor Ben,Vithor,abae031a-4bf2-4e99-838a-bc47f8e5e83d,Izzet Control,fuzzy,8.5,True
22,290809,MATHEUS VIEIRA MATIAS,4273358,Matewosk,Matheus Matias,53fc2908-ac7d-443c-97a8-15fdf11815c5,Matheus Matias,mate_wosk,0065c32f-f9ba-44f7-9fae-1686a2588ebb,Golgari Gardens,fuzzy,6.0,True
23,35322,Gregorio Guerra,4475420,Gregorio,Gregório Carmona Guerra Torodin,dd19810e-4b88-4c96-8c11-03a1b999e470,Gregório Carmona Guerra Torodin,Gregorio,9a5845a8-c750-43c4-aabe-12f9886de75b,Tron,fuzzy,8.5,True
24,43175,Vinícius Silva Prado,4470301,batuta35,Vinicius Batuta,820de75d-9530-4ba8-98f4-cd42b0cee034,Vinicius Batuta,batuta35,7aa33a6e-3908-400d-bb1e-3f88722faf39,Land Spy,manual2,7,True
25,243818,Leonardo Fonseca de Lima,4462206,Minero,Leonardo Minero,16ec285a-c583-461b-b895-9f7a2f099d60,Leonardo Minero,Minero,7528f83b-54d5-4be3-bd32-4b591ebb81ed,Golgari Gardens,pairing_clm_melee,10,True
26,572068,Caio Felicio Cresciulo,4475169,CaioCresciulo,Caio Cresciulo,3e8b5a29-bc77-436e-9cfc-0ebe9a07c43f,Caio Cresciulo,CaioCresciulo,25def72d-1d7f-41c4-a04f-a1ef36722993,Gruul Aggro,fuzzy,6.0,True
27,34628,Eduardo Felipe Narciso,4473085,Duughs,Eduardo Felipe,f2f38fc8-5fe9-4e9c-8c97-4105493ab432,Eduardo Felipe,Duughs,0b43b837-a13d-49ca-95d7-0566d071fefb,GW Auras,fuzzy,4.5,True
28,94562,Roger Alberto Marcos Lovera,4476545,Fuinha,Roger Alberto Marcos Lovera Fuinha,97f5c27f-a116-4451-a39f-2ad8472a018f,Roger Alberto Marcos Lovera,Fuinha,7bae86a0-aae6-470c-ba0c-7389a0748a58,Land Spy,exact_name,100,True
29,402063,João Vitor Camata Bolognini,4462404,Camata,João Camata,074abdf6-2c9a-4e5b-be68-157e3960ea07,João Camata,Camata,9a3c68a6-9f91-4bfa-b666-dd9a2e1d0c70,White Weenie,fuzzy,6.0,True
30,74716,vitor hugo correa,4462506,VitorH_VH,Vitor Hugo Correa,d92e618a-9fab-4699-9a3f-32e3e5e373f4,Vitor Hugo Correa,VitorH_VH,3e6cb992-9872-4eaa-ad70-28a1353efd32,Esper Ephemerate,fuzzy,8.5,True
31,54600,Marcelo Bueno,4467101,Cless,Marcelo Bueno,f88dd884-4d8e-4680-9104-a3812afb3989,Marcelo Bueno,Cless,36693f18-3468-4d24-8878-aba22f9e0c44,Mono Red,fuzzy,6.5,True
32,10913,Maher Samuel Ferreira E Silva,4475185,Maher,Maher Samuel f silva Mahers_,b7dcf62a-2865-48fb-bbb4-e794e156c682,Maher Samuel F Silva Mahers,Maher,e659d549-8b27-49e6-a5dd-0abb0165849b,Mono Red Madness,fuzzy,12.5,True
33,580065,Fabio Cesar Barbosa,4463419,FabioBarbosa,Fábio Barbosa,30401b47-4231-4dbe-a8fc-77aeb2980688,Fábio Barbosa,FabioBarbosa,26b87431-dfa8-499b-b556-2839b36b40d7,GW Auras,fuzzy,6.0,True
34,10135,Anderson Alves Ank,4463878,AndersonAnk,Anderson Ank Anderson Ank,16e9eb74-e13a-4666-9c5a-6bb633b38618,Anderson Ank,AndersonAnk,4cc575b7-fec3-4ee3-a137-01c311e18f44,Grixis Affinity,fuzzy,6.0,True
35,183853,Augusto Yutha yasuda,4467957,Yutha,Augusto Yasuda,c07d6368-2d66-4f2e-9a85-c3c793a237fb,Augusto Yasuda,Yutha,5be41c44-07ea-4290-b77c-eee1962441ce,Mono Blue Terror,fuzzy,10.5,True
36,608661,Gabriel Di Rocco,4463183,Di-Rocco,GABRIEL DI ROCCO DI ROCCO,0c8460a3-b75f-4751-bb46-a5f7476c0e9d,Gabriel di Rocco,Di-Rocco,8b27a4d9-bcf0-4026-bfb1-66168a009425,Golgari Gardens,exact_name,100,True
37,43250,BRUNO TARANTI,4464098,btaranti,Bruno Taranti btaranti,9bc57a40-4058-4686-9e9f-20c8bbc22305,Bruno Taranti,btaranti,5c71f184-4291-418c-9051-5f6c8691d268,Golgari Gardens,exact_name,100,True
38,150851,Luiz Villela,4464216,LuizGG,LUIZ Villela,eb2c91e6-e695-4c56-a5a6-14b87e614f4e,Luiz Villela,LuizGG,e32ec151-3139-4df8-bc47-4098bb4ccc77,White Weenie,fuzzy,6.5,True
39,291335,Leticia Yumi Shirabiyoshi,4464318,Leshira,Letícia Shirabiyoshi,5b7a19ae-6a10-4a7e-b885-6d8b5115bcd0,Letícia Shirabiyoshi,Leshira,7d07ceaf-1742-4a03-8db0-d5935f0b6449,Delver,fuzzy,6.0,True
40,178352,Marcus Gargioni,4464262,Marcusgar,Marcus Gargioni,a2a31ed4-0006-43ba-a716-1584ab695783,Marcus Gargioni,Marcusgar,23b25996-3705-4cd6-b02b-3c949232446f,Gruul Ramp,fuzzy,6.5,True
41,111425,Fernando Flora Filho,4464940,FFFoi,Fernando Flora Filho,528e7452-8fb8-4324-beb3-1911e032c343,Fernando Flora Filho,FFFoi,73480fd4-de67-491f-9ef1-0554f58cbfeb,Burn,fuzzy,8.5,True
42,94901,Lucas da Silva,4476652,UAshura,Lucas da Silva Ashura,3c242c77-e024-4612-ad1b-ddb08439c947,Lucas da Silva Ashura,UAshura,a37eca2e-4818-46d6-a071-c1a584429d3c,Selesnya Aggro,pairing_clm_melee,10,True
43,488449,Christopher Estanislau Camargo,4478123,Christopher_Estanislau,Christopher Estanislau,1178f564-fd2f-43a8-9f41-62ae1ec2e769,Christopher Estanislau,Christopher_Estanislau,6d4b7d52-6aa4-467e-a506-9c591cd1e3de,Mono Red Rally,fuzzy,4.5,True
44,668681,Ricardo Carrara,4465349,RicC44,Ricardo Carrara,6251b8b1-3a05-4ea4-b477-42727bdabcdc,Ricardo Carrara,RicC44,31c9908d-5122-4f57-9da1-f850cecc26cf,Simic Tron,fuzzy,6.5,True
45,431449,Cauê Cimorelli Muriano,4465452,ManaNoPano,Cauê Muriano,cbb74214-a916-4ca8-ac7a-6e77f78263a7,Cauê Muriano,ManaNoPano,bb41cd54-9f01-4270-b568-ebff4c1d39a2,Tron,fuzzy,6.0,True
46,199014,Daniel Jung,4465615,Inhunkes,Daniel Jung,13d610bc-7469-4ee8-b447-e9f30ab850f3,Daniel Jung,Inhunkes,fbe37e2e-d3eb-4fbe-8e81-f9e2e9dbb41d,5C Gates,fuzzy,6.5,True
47,49792,João lucas de Oliveira,4465746,Lucasoli89,João Lucas MisterTwin,9028285d-e10d-4fc4-b142-b09c376eb684,João Lucas,Lucasoli89,0b014f4a-1e72-4273-b03f-29b6b9674e47,Mono Red Madness,fuzzy,4.5,True
48,523058,Lucas Stamford,4468067,Stamford,Lucas Stamford,f2896c7c-c694-4d7a-a5e5-0b77243f856f,Lucas Stamford,Stamford,b92c31b9-6890-4114-ba67-556da3b490fb,Tron Altar,fuzzy,8.5,True
49,44156,Leonardo de Oliveira Goes,4466961,leonelo,Leonardo Leonelo,0f8f952e-e5f6-409e-afb4-78ae5f923949,Leonardo Leonelo,leonelo,093c3771-e6a3-4120-aea1-3e8e628af168,Orzhov,pairing_clm_melee,10,True
50,54376,Wesley Andrade De Souza,4467030,Indiano,Wesley Souza,4eba8bc1-827c-4c0c-bb87-25068c57b510,Wesley Souza,Indiano,83738dd8-70a0-4f65-8b6e-cda5c97335d0,Orzhov Blade,fuzzy,6.0,True
51,237566,Guilherme Josetti,4467040,Josetti,Guilherme Josetti Josetti,4450f1a6-26cb-4361-9aa0-c9303dd31a6d,Guilherme Josetti,Josetti,c364e698-cd09-45e0-a0fe-3f76e1d769f6,Land Spy,exact_name,100,True
52,110217,Rubens Ramalho Neto,4467035,RUBENSNETTO,Rubens Neto,be50114a-8d2a-4bf3-97bc-ef33c76afbf3,Rubens Neto,RUBENSNETTO,12a1baa2-df75-42d3-bf99-b42bbac0009b,Boros Inside Out Combo,fuzzy,6.0,True
53,22635,Leonardo Lehmann Barros,4477954,Leonardolb,Leonardo Lehmann Barros Leonardolb,ed8409e1-4d70-4b56-bdf7-9217b0f2603f,Leonardo Lehmann Barros,Leonardolb,d47b7c2d-11eb-4304-9f3a-36229bc4b0f3,Mono Blue Fadas,exact_name,100,True
54,160703,Fernando José Gabbai Guarita,4467096,FernandoGuarita,Fernando Guarita,c744fd8a-706a-40c4-b328-240704340bb7,Fernando Guarita,FernandoGuarita,bdc8d57d-dd3d-464f-97f6-d47f7b026703,Jund Wildfire,fuzzy,5.5,True
55,461090,GEORGE WILIAN DE OLIVEIRA BUSTO,4478294,GeorgeKowalskii,George Busto Kowalskii,34a133ae-02fc-4838-8374-e345063de1a9,George Busto Kowalskii,GeorgeKowalskii,5108d149-8cb1-48e0-b647-69074f33ffe0,Mono Black Sacrifice,fuzzy,5.5,True
56,130652,Hugo Benevides,4469053,HugoBenevides,Hugo Benevides,71d68da0-53f9-49be-8768-a136a094201a,Hugo Benevides,HugoBenevides,a52aa86d-a3dc-4a7b-935d-6f22728cd6e4,Golgari,fuzzy,6.5,True
57,444414,Italo Nicola,4476632,ItaN,Italo Nicola,65100811-5ae0-4f32-b670-6a4571e51b62,Italo Nicola,ItaN,6cfe67af-2330-49bd-bf4d-014d55500994,Dimir Fadas,fuzzy,6.5,True
58,150667,JOSE RENATO PAULON,4467438,jrpaulon,José Renato Paulon,690ab5f2-18c3-494d-a803-8e6e54540035,José Renato Paulon,jrpaulon,bef3c373-8b22-4508-9e41-9733388fabcd,Land Spy,fuzzy,8.5,True
59,107108,Willian Vieira,4467451,WillianVieira,Willian Vieira,98344455-5dc2-4c46-bfdf-36f441005c34,Willian Vieira,WillianVieira,680a468a-f8b2-4b9a-80b8-0e600663fe9a,Tron Monster,fuzzy,6.5,True
60,458467,Nicolas Leite,4467555,NicolasLeite,Nicolas Leite,1c6ada90-e49c-459b-a0c9-a0fbe5220bd9,Nicolas Leite,NicolasLeite,1ee9641f-de84-483f-b280-2f39a3b99432,Rakdos Madness,fuzzy,6.5,True
61,147588,Mateus Gabriel Ascari ( Yan ),4478182,Hayzen,Mateus Gabriel Ascari,31d41645-103d-4258-9781-f2f05c45f6de,Mateus Gabriel Ascari,Hayzen,49146c52-6a4c-416f-a65f-c4b9a2ed4138,Mono Red Kiln Fiend,fuzzy,6.5,True
62,550995,Eric Goldszmidt Gerevini,4476961,eggBR,Eric Goldszmidt Gerevini Eric,b1fefb46-065f-4c15-b896-d01166c1a599,Eric Goldszmidt Gerevini,eggBR,99a3bee2-24d4-43f9-9c1d-4b30fea621b7,Jund,exact_name,100,True
63,23026,Diego Fernandes Ferraz,4460476,DiegoAwey,Diego Fernandes Ferraz,01efb1e6-c2f4-4b11-9a08-5da34ac2ff58,Diego Fernandes Ferraz,DiegoAwey,7568af7b-3916-4df4-9183-126d6449ae2e,White Weenie,fuzzy,8.5,True
64,603910,Maurício Reginaldo de Paula Junior,4468895,OtalDoBilada,Maurício Junior,3f2424a4-81d0-4330-9a6a-ee4a7ed4bba9,Maurício Junior,OtalDoBilada,4707c9ce-2d7a-4d7a-93bb-32d67cee6de5,GW Auras,fuzzy,5.5,True
65,37532,Érick Esteves Jones,4468887,Erick_Jones,Erick Jones,7b351315-8a24-4758-84b4-7febb31a4f25,Erick Jones,Bolsa Do Infinito,b1cd4322-1ae3-4356-9a18-d1833ceca279,Golgari Gardens,fuzzy,6.0,True
66,274863,Marcos jacinto,4473680,JARX1_Jacinto,Marcos Jacinto,fc1a45c4-d1bd-429d-aa11-16dc42de4fc0,Marcos Jacinto,JARX1_Jacinto,40adb1d4-67ce-40f6-b75c-f64734965bca,Land Spy,fuzzy,6.5,True
67,537121,Thiago Koch,4478249,KochBJJ,Thiago Koch,d6172daf-bcc1-4daa-9dac-0e7939428f0f,Thiago Koch,KochBJJ,2ed2f09b-bcf0-4d94-ac42-2c4ca64ed765,Gruul Aggro,fuzzy,6.5,True
68,589269,DAVI RICARDO ORTOLAN ALVES,4473358,imbrochavel,DAVI ALVES,71b01e1e-37ef-41d2-85b3-0e6ab27faba5,Davi Alves,imbrochavel,320f18e5-aac1-44b6-a60d-a4e93cd2de04,Jund Control,fuzzy,5.5,True
69,45831,Lucas Rodrigues Mendonça,4473879,Kouks,Lucas Kouks,74315512-dea9-43ae-9e0c-63d586500e0c,Lucas Rodrigues Mendonça,Kouks,2ff2cbc1-afd5-4499-b1d4-cccbdc63974b,Dimir Control,manual_user,10,True
70,490421,Luis Henrique da Silva,4477385,luisbyluis,Luis Henrique Silva,314c4bfd-ba8d-4c52-acd5-537ef815d0aa,Luis Henrique Silva,luisbyluis,dd4c35e5-4234-4f1d-8b92-9a01d9a3f298,Elfos Mono Green,fuzzy,8.5,True
71,522932,LINCOLN MARTINEZ FERNANDES,4470385,LINCAO,Lincoln LINCAO,4d980903-3804-4b1c-82a5-83a76ee1a281,Lincoln Lincao,LINCAO,5f66d5d7-4fd7-4329-bba9-bf03f38f0050,Land Spy,manual,9,True
72,217938,Mauro Cesar de Oliveira Lopes de Sena,4303925,MauroSena,Mauro Sena,cd419421-6a29-4ecd-9a95-af5987fcae2b,Mauro Sena,MauroSena,540ec566-d996-4d17-a157-8f53f0f5081c,Land Spy,fuzzy,5.0,True
73,26347,Carlos Humberto Von Graffen Crevelloni Filho,4476568,Carlinhos,Carlos Crevelloni,6cc18168-c825-4c76-8b98-b4b27880005f,Carlos Crevelloni,Crevelloni,759bfc2b-f1a8-466a-a0b1-345e77e2169d,Dimir Control,surname:crevelloni,8,True
74,505694,Matheus de Freitas Vilela,4458409,Tutuu,Matheus Vilela,d2d47700-4638-45cc-a569-10188c9ba994,Matheus Vilela,Tutuu,97da0360-94d2-4839-b829-9e55d8840579,Mono Blue Terror,fuzzy,6.0,True
75,75585,Luiz Felipe Godinho,4454047,Dentinho,Luiz Felipe Dentinho ,4a1acce3-d9b7-4d53-af0a-290832dc7501,Luiz Felipe,DENTINHO_AMENDOIN,aa43a08c-9d9e-4bd1-af4f-21f01d626cc9,Burn,fuzzy,4.5,True
76,167724,Lucas Guirado Simões,4463115,drakeex,Lucas Drake,9f41cab9-37e3-42a0-bc44-caf23df0f902,Lucas Drake,drakeex,febcf79a-d201-4a07-a9d8-36c092cfb971,Selesnya,pairing_clm_melee,10,True
77,81550,Guilherme Eduardo Pereira Rodrigues,4273895,Guizinho,Guilherme Rodrigues Guizinho,563da183-2c13-41be-8391-557405adf82a,Guilherme Rodrigues,Guizinho,5bfd3497-34b6-405c-b7c2-c535cff9ac3f,Esper Affinity,fuzzy,5.5,True
78,18281,Eduardo P Vale,4460395,Eduvalle,Eduardo Vale,11da05a8-e672-4cc0-9b43-b93843b5b7b1,Eduardo Vale,Eduvalle,f4bccce3-1094-4802-a1af-d2026a398639,Dimir Control,fuzzy,6.0,True
79,199169,Victor Toon de Araújo,4460459,BoletoAgiota,Victor Toon,e2290235-75b8-4491-9987-7856c419bfb9,Victor Toon,BoletoAgiota,453fd09b-e0df-4d51-9ea5-8d79cc7e143a,Esper Affinity,fuzzy,4.5,True
80,282267,Paulo Gabriel Peixoto Laboissiere,4478094,PauloLaboissiere,Paulo Laboissiere,a4768fc7-6124-49ab-81d8-de312b1488a0,Paulo Laboissiere,PauloDoRole,acb964b6-45f0-46b4-80e8-bbfd7266feca,Grixis,fuzzy,5.5,True
81,708778,Ana Clara Barbosa,4475088,Anaclara23,Ana clara Barbosa Ana clara,877a352a-e465-4cac-a560-ec671703eded,Ana Clara Barbosa,Anaclara23,ff6f0070-48fb-436a-b687-197a0eccc8e7,Elfos Mono Green,exact_name,100,True
82,894002,vitor de farias metzner,4426988,VitorDeFariasMetzner,Vitor De Farias Metzner Vitor,1682e499-c87b-4e1d-aa31-05f82d5c8958,Vitor de Farias Metzner,VitorDeFariasMetzner,560daf66-d3e3-4444-9463-3d71f47a858e,Mono Blue Terror,exact_name,100,True
83,72630,Diego Henrique de Vasconcelos Lima,4467439,bitoca09,Diego Lima,acd8c78c-8814-4403-bcca-da21d60a4be6,Diego Lima,bitoca09,84ce4261-2dbe-4885-906f-5acf8d328096,Dimir Fadas,fuzzy,5.5,True
84,612058,Guilherme Togni Silva,4461706,TOGNI007,Guilherme Togni silva Togni,c022c93a-2d06-4098-b1f1-741380510e40,Guilherme Togni Silva,TOGNI007,50f1b2b0-c6f5-45ab-868d-1c5b410ac49e,Tron,exact_name,100,True
85,572072,José Guilherme de Almeida Ramos,4467161,RamosMTG,José Guilherme de Almeida Ramos,599a30e6-e1f0-45da-81c4-0093f3d7d4aa,José Guilherme de Almeida Ramos,RamosMTG,03abd2ad-8b21-4315-8bc6-f362e10dda17,White Weenie,fuzzy,10.5,True
86,149382,Jose Augusto Cologuesi Panzarin,4459494,Panzarin,Jose Panzarin,9371ca1a-03f9-4624-b18e-33689d997486,Jose Panzarin,Panzarin,9586a187-bf21-4e3e-9399-5b2f2337f2e6,GW Auras,fuzzy,7.5,True
87,486802,Vinicius Daniel Felix,4462224,ViniciusFelix,Vinicius Daniel Felix,21ddab07-aa0e-40cd-840c-b0f78aa1cbde,Vinicius Daniel Felix,ViniciusFelix,471283e6-bf15-4868-9aba-0e27875c56fa,White Weenie,fuzzy,8.5,True
88,97237,Guilherme Machado,4477859,GuiMachado,Guilherme Machado,954d0f97-b131-4249-85f9-a819748fdc66,Guilherme Machado,GuiMachado,b566f633-45c8-4977-9172-0dec64f88d97,Mono Blue Reanimator,fuzzy,6.5,True
89,47225,Iuri Guilherme Bogar Portilho,4408753,iuribogar,Iuri Guilherme Bogar Portilho ibogar,b75bd9d9-535d-45e3-b00f-ccacf5ff593a,Iuri Guilherme Bogar Portilho Ibogar,IBogar,4ca3430c-7291-41b3-a262-7801cfa23018,Mono Blue Terror,fuzzy,10.5,True
90,37734,Pedro H N Walter,4462927,CecilMonk,Pedro Walter,f8ffb011-b403-4244-8aa2-77a974b1b654,Pedro Walter,CecilMonk,48404a0e-0943-4cd0-bbaf-c3b01f402db2,Esper,fuzzy,5.5,True
91,143344,Gilmar Siqueira,4462888,GilmarSiqueira,Gilmar Siqueira,5f75d1a7-54c0-4c4b-a2fa-6bf7b83ba4a3,Gilmar Siqueira,GilmarSiqueira,5e5ce4b7-588c-49eb-8cb1-d0b5ed54a3e1,Azorius,fuzzy,6.5,True
92,153247,Lucas Leite,4463836,Lucas_Costa_Leite,Lucas Costa Leite,a9d071b2-cdec-4cf8-9c35-241aac461b88,Lucas Costa Leite,Lucas_Costa_Leite,abf4932b-0247-4986-9785-d1f20a9433f8,Dimir Fadas,fuzzy,6.5,True
93,495457,Vitor Henrique de Oliveira,4464397,VitorOliveiraTIM,Vitor Henrique de Oliveira,3d7ca5ef-bddb-4c55-8b26-7736ba5ed8b1,Vitor Henrique de Oliveira,VitorOliveiraTIM,e87511f1-2a32-4060-bdc9-56579ebe3c77,Izzet Skred,fuzzy,8.5,True
94,284074,Lucas Ryan dos Santos Ribeiro,4460489,luskao666,Lucas Ryan dos Santos Ribeiro Luskao,,,,,Decklist,fuzzy,10.5,False
95,289070,Felipe José do Nascimento Henrique,4419102,FJH,Felipe José Henrique,0c902da3-6d94-47ad-8bc3-d1a54b8a1b0b,Felipe José Henrique,FJH,85ce15d6-429b-4b9f-9945-dfc2b49573db,Grixis Affinity,fuzzy,8.0,True
96,293640,Rafael Quagliato Silveira de Bernardes,4466442,rafabsq,Rafael Quagliato S Bernardes,702c6a5d-1408-4d91-9960-1fbe927bc9f2,Rafael Quagliato S Bernardes,rafabsq,177847b6-b662-45f4-9592-00cd28b9c802,Esper Eggs Tron,fuzzy,10.5,True
97,107847,Thiago Fernandes,4276228,F3rnandes,Thiago F3rnandes,8510c8d0-3940-4736-80e5-8817ee6188b7,Thiago Fernandes,F3rnandes,19b2a004-789a-4709-9102-94db8a5e6614,White Weenie,manual,9,True
98,45086,Max Diávila Machado,4477800,Tiomax,Max Diavila Machado Tiomax,1b293a5b-bbf1-4798-a8b2-69d5542e061f,Max Diavila Machado,Tiomax,c68fcf9c-c6d8-4fcb-9c1e-219f95973bab,Esper Affinity,exact_name,100,True
99,222377,Tales Bernardes Lima,4477959,Terezu,Tales Lima,46ea2812-77df-4e70-a616-6b4ced6b6b6a,Tales Lima,Terezu,eebdee9d-f8a3-4e30-a16b-dc640b8a4e7c,Burn,fuzzy,6.0,True
100,58313,Bruno Ribeiro Guerra,4475816,BrunoGuerra,Bruno Guerra,8c581018-1f69-45f3-af63-5c9cba6708d3,Bruno Guerra,BrunoGuerra,1b1e779e-e522-4417-8eaf-91598650642e,Golgari Gardens,fuzzy,6.0,True
101,384547,Carlos Henrique Duarte de Carvalho,4464414,Caca,Carlos Carvalho,cdee69a3-4fbf-4e25-a705-c178dd55a1f4,Carlos Carvalho,Caca,b42a15ec-b406-465f-8809-d61890b74c02,Tron Monster,fuzzy,5.5,True
102,48991,Eduardo José Couto,4468393,duuuucouto,Eduardo Couto Du Couto,1aa4e3cd-b2dc-4e73-ae82-b01ccefb1b63,Eduardo Couto du,ducouto,3da7ff1e-8ac8-4c49-95cb-fd7b5f1ed195,Rakdos Affinity,fuzzy,6.0,True
103,30597,Agnaldo Dos Santos Teixeira Junior,4467396,Gnarr,Agnaldo dos Santos Teixeira Junior  Gnarr,39745fe7-8791-41c2-8dc4-0474f7275474,Agnaldo dos Santos Teixeira Junior,Gnarr,9a8ae60f-fb1b-403e-b15e-a2dce65c0c9d,Rakdos Madness,exact_name,100,True
104,723267,Andre Fontana,4476550,Nash06,Andre Fontana,5f603178-caf2-41bd-8efb-3674ff449a0a,Andre Fontana,Nash06,0d0da0d0-3672-4fbb-a0fd-ca2d4c1e9fdd,Dimir Control,fuzzy,6.5,True
105,32087,Vinicius Pupo,4469320,Coreia,Vinicius Pupo Coreia,fa488af3-d9c7-4bb1-8c8f-dc0a8ef441ff,Vinicius Pupo,Coreia,2ddde1da-b19a-4ae5-bdfa-2afd17bad667,GW Auras,exact_name,100,True
106,48621,Alaor Donizeti Tonietti Junior,4456081,Alaor,Alaor Junior,8ce3d3f5-bdd4-4122-a0bf-8a1a7b4cab37,Alaor Junior,Alaor,ef57687c-82dd-49d3-be57-7c3bbfb52353,Mono Blue Control,fuzzy,7.5,True
107,791059,Joao Raphael Bandeira do Carmo,4469199,JoaoBandeira,João Raphael Bandeira do Carmo João Bandeira,daa22f72-b924-4415-a142-f9d4569f7e97,João Raphael Bandeira do Carmo,JoaoBandeira,3bde4028-fc42-45b1-b6ca-8316c158c491,Poison Storm,exact_name,100,True
108,197217,bruno ximendes,4469208,BrunoCarmo,Bruno Do carmo,4b3047cb-3c53-4bde-8086-aeb8eb111863,Bruno do Carmo,BrunoCarmo,ac2c7e08-f537-422b-a758-2475b7d84750,Dimir Fadas,pairing_clm_melee,10,True
109,28647,Juan Gustavo Lorente Gaston,4470259,VagaL,Juan Gaston,7bae6bdd-353e-462a-af76-0d00cb5e4ce3,Juan Gaston,VagaL,9c5aa6f5-c3ea-4935-877f-968465387434,Tron Altar,fuzzy,5.5,True
110,546256,Luiz Paulo Feliciano Guedes Pinto,4471180,Muxu,Luiz Paulo Feliciano Guedes Pinto,77b7e51c-2113-42a7-85d4-cc5ef4cf4638,Luiz Paulo Feliciano Guedes Pinto,Muxu,c9193ff2-2698-488b-a8cf-6c48f789ca6b,Esper Affinity,fuzzy,12.5,True
111,596061,Lucas Fernandes Silva,4471762,LucasFeerns,Lucas fernandes Lucasfeerns,081a026d-d0c2-47d0-8edb-386fa1e80395,Lucas Fernandes,LucasFeerns,e2805e5f-c3d5-4ba5-a92d-6c8d011e646d,Mono Black Sacrifice,pairing_clm_melee,10,True
112,156056,Caio Souza,4473363,cacasouza89,Caio Souza,f571de66-0a39-4ca0-8309-0d6d8941de08,Caio Souza,cacasouza89,91b78618-b9cc-41f3-826d-d18bb8dbec12,Mono Red Rally,fuzzy,6.5,True
113,540190,Flavio Teixeira Neto,4476654,FlavioTNeto,Flavio Teixeira Neto,5070c33f-1c3d-4495-bb17-96230bd469c8,Flavio Teixeira Neto,FlavioTNeto,9e4a156f-93a5-49ea-a33e-d5c9610dcde1,Esper,fuzzy,8.5,True
114,100072,Rodrigo Oboli,4477336,Oboli_1,Rodrigo Oboli,ba3285f2-f6f1-416c-a5b7-a057e26d0123,Rodrigo Oboli,Oboli_1,af96327c-f3f8-4a86-8215-cb3d28ef2b97,Land Spy,fuzzy,6.5,True
115,118771,Raphael Dogini Fassizoli,4474006,Dogini,Raphael Dogini Fassizoli,08920485-eccb-4540-bd2c-c7651a447469,Raphael Dogini Fassizoli,Dogini,ba286539-114b-4b33-9480-3847d63a0dc1,Mardu Metalcraft,fuzzy,10.5,True
116,42452,Fernando Monschau Pigatto,4460470,fernandomp85,FERNANDO MONSCHAU PIGATTO,ca352309-e522-4e64-91f5-534309cadcea,Fernando Monschau Pigatto,fernandomp85,84f1b3ca-1b0b-41c3-b0d1-a7a819de8577,Jund Wildfire,fuzzy,8.5,True
117,750197,Tiago Marques Rubo,4452643,TiagoRubo,Tiago Marques Rubo TiagoRubo,86ac7016-9289-498d-9fab-33609b402ac8,Tiago Marques Rubo,TiagoRubo,1474ba40-ab5a-4928-beae-546a855beddc,Esper Ephemerate,exact_name,100,True
118,54964,SAMUEL PEDROSO MARCELINO,4461369,samukapedroso,Samuel Pedroso Marcelino Samuka,6bc04c1a-20e9-46c4-8e79-394c5235b6f0,Samuel Pedroso Marcelino Samuka,samukapedroso,146c1127-fa05-41be-a6c0-a05a01fca1bd,Jund Wildfire,fuzzy,8.5,True
119,110798,Denis cabral Barbosa Dias,4462584,DDias9,Denis  Cabral Barbosa Dias,d916f7f7-b89e-412e-a21c-17aaabd0b824,Denis Cabral Barbosa Dias,ddias9,790a0c60-3d65-4ac9-aa52-81d90a1f980f,Tron Monster,fuzzy,10.5,True
120,668438,Bruno Bernucio Figueiredo,4464981,EntropyBR,Bruno Bernucio Figueiredo EntropyBR,5aa02b7a-bd80-406c-bf6b-d1c4ccd24c18,Bruno Bernucio Figueiredo,EntropyBR,f5e1dcd7-4b5a-4200-a74e-94da257a9fe3,Golgari Gardens,exact_name,100,True
121,103671,otavio dias,4469032,Otavio,Otávio dias Otávio dias,82487e4f-abf5-4129-8c48-35a43bfafe08,Otávio Dias,Otavio,faf46052-7249-495c-8111-a67b4be13fb5,Jund Wildfire,exact_name,100,True
122,47831,Rodrigo Luiz Freitas de Sousa,4369647,Maraja,Rodrigo Marajá,d19f6a3e-cb32-4d1c-9b4c-79286007f2b5,Rodrigo Marajá,Marajá,450b5b17-fb9d-4a0f-b49e-ef082651d9c1,Mono Blue Aggro,manual2,7,True
123,8119,Rafael Venancio Peixoto de Camargo,4475100,RafaVenancio,Rafael Venancio Peixoto De Camargo,310b07c1-8446-494a-81e2-5f866a9eb2fb,Rafael Venancio Peixoto de Camargo,RafaVenancio,3ed1be32-d57a-42d6-a071-35bb2b8dc7ed,Jeskai Control,fuzzy,10.5,True
124,516867,ROGERIO NAHAS GRIJO,4284783,kaylegal,kay nahas criança,64f5c658-5cc0-4ab7-a3d2-ef27fefd3d15,Kay Nahas Criança,kaylegal,b2715c6e-f1fb-4410-9141-594617c78d75,Golgari Pestilence,surname:nahas,8,True
125,98465,joão vitor freire de aguiar,4478236,Jfreire,Joao vitor Freire de aguiar,271921af-a434-433b-a099-e456dda94a37,Joao Vitor Freire de Aguiar,blackfish231,fb2558fe-cf3c-4758-8d91-38bd7b62a492,Grixis Affinity,fuzzy,10.5,True
126,33982,Joao Octavio Faria e Godoy,4465450,joaoyodog,Joao Godoy,c5ad3422-88ec-4a3c-bb25-537780b6db04,Joao Godoy,joaoyodog,2d82be42-5aef-422c-9be8-ca5da37d02a7,Mono Green Affinity,pairing_clm_melee,10,True
127,44635,Phelipe Salaroli,4465438,phemartin,Phelipe Martin,870059a1-0164-48f7-90b2-d17537685180,Phelipe Martin,phemartin,48939c61-9373-4bc4-b484-2c8dfa6d83a3,Mono Blue Aristocrats,manual2,7,True
128,507377,Johnny Herbert Frederich Siegl Junior,4466189,JohnnyJunior,Johnny Herbert Frederich Siegl Junior Johnny Junior,0bf555f4-687f-4517-bdba-eeeedc18a334,Johnny Herbert Frederich Siegl Junior,JohnnyJunior,d916507d-c965-4e99-b012-35f83a99a058,Jund Wildfire,exact_name,100,True
129,104833,Guilherme André Araújo Infante,4468951,guilhermeinfante,Guilherme Infante,ceee3d44-431f-48c3-b82a-45eb069f2e0d,Guilherme Infante,guilhermeinfante,b4daad17-da9b-4537-ae47-548746578ab7,Esper Affinity,fuzzy,5.5,True
130,119149,Henrique Suenaga,4476245,hideosuenaga,Henrique Hideo Suenaga sunga,0ca79eef-1c55-44c7-9ad2-2671240cdc7e,Henrique Hideo Suenaga,hideosuenaga,b2ea7de4-e7ff-41d2-bda2-a96c717d2db2,Tron Monster,fuzzy,6.5,True
131,36277,Matheus Oliveira,4468359,mathevs,Matheus Oliveira,a6d40b41-cd93-4683-a131-72ecfcfc966d,Matheus Oliveira,mathevs,23f2e658-c671-4e2e-b5d7-5f74e8d96758,Dimir Control,fuzzy,6.5,True
132,71815,Rafael da Silva Gama,4478324,RafaelGama,Rafael Gama Rafael gama,3bf23118-eff9-4b49-bd03-da1f21dde961,Rafael Gama,RafaelGama,d3471650-a2a7-45a9-910a-f0d52f258568,Dimir Control,fuzzy,6.0,True
133,85599,Huber Aristóteles Nogueira da Gama Filho,4476380,Hangf,Huber Gama Filho,aa6d3c49-a48d-4c51-a51d-d0b772b01c02,Huber Gama Filho,Hangf,75170532-8212-4caf-800b-3381eb669dac,Golgari Gardens,fuzzy,7.5,True
134,40700,Rafael Ribeiro Rezende,4452782,ribless,Rafael Ribeiro,0f96249c-b57f-4d30-9d43-00f2ae2df72b,Rafael Ribeiro,ribless,e774317a-6459-4f19-bea4-72062e1b2260,Esper Affinity,fuzzy,4.5,True
135,198716,Thiago Augusto de oliveira,4477783,Salpke,Thiago Oliveira,3596ccc7-7ba3-4cfb-be83-d3b9d4e943a6,Thiago Oliveira,Salpke,b3c47c81-d446-437d-82cb-a5ebb652c5f8,Gruul Ramp,fuzzy,6.0,True
136,39360,Jose Luis Arrieta Concha,4460420,Ravager,Jose Luis Arrieta Concha,0e1acf18-caa2-4031-be65-58372269ef6f,Jose Luis Arrieta Concha,Ravager.pe,cc774151-0dff-412b-9072-2eb09e023a15,Land Spy,fuzzy,10.5,True
137,23496,Felipe Bannwart Perina,4446006,fozzimus,Felipe Bannwart Perina,9e70f32b-e504-49d0-8d5f-9fad9dd3c5fb,Felipe Bannwart Perina,fozzimus,bb6d2158-9717-4130-8387-d52a1d0f1f31,Tron Monster,fuzzy,8.5,True
138,32574,Vinicius Inti Panaroni,4467432,Vipzin,Vinícius Panaroni,2ce6c100-b3bf-447c-93f6-33dda37213b3,Vinícius Panaroni,Vipzin,3dfe0772-7150-4bec-bacf-471f3c64c955,Burn,fuzzy,6.0,True
139,55116,Willian Nalin Damasceno,4476660,DG10Will,Willian Damasceno,2a0032cf-08a9-4be8-8415-5d7a269f83b9,Willian Damasceno,DG10Will,8d7ec506-1b9b-4a46-a043-f90c46ccf735,Dimir Control,fuzzy,6.0,True
140,44985,João Carlos Pereira,4460526,joaopereirajp,João Carlos Pereira João Carlos,e964cfdf-e152-4fc7-9b06-0fb8e675aecc,João Carlos Pereira,joaopereirajp,0153dcfb-6417-4283-97fc-f4ef965bab1e,Elfos Mono Green,exact_name,100,True
141,111440,Guilherme F.A,4461932,Furquim,Guilherme Furquim,fc145bb2-1dd9-4070-9860-5939cb9b4cdb,Guilherme Furquim,Furquim,f44d54c3-f381-462a-a087-6b97a19b63ef,Mono Red Madness,manual2,7,True
142,49190,Lucciano Maia Locatelli Feijo,4460661,luccianolf,"Lucciano Locatelli ""Lucci""",48ea176f-3045-430f-9565-df874472b3a9,Lucciano Locatelli,luccianolf,e93b9bdc-d4f2-4e04-8069-ec6cdc359bbb,Elfos Mono Green,fuzzy,4.0,True
143,279577,Bruno Ribeiro Guimaraes,4452629,b4ttous4y,Bruno Ribeiro,f10bef11-226b-4cc9-890e-5e24b8a7282c,Bruno Ribeiro,franklim,19ea714e-6af7-4b74-be3a-67cb4bea962b,Dimir Control,fuzzy,4.5,True
144,216606,Abalem ricardo anaice cordeiro,4399437,Abalem,Abalem Ricardo,61e32965-1fcc-442b-adc3-7b87676cea1b,Abalem Ricardo,Abalem,a4091a09-63f4-42ed-9b2b-e774a03a985c,Orzhov GlintBlade,fuzzy,6.0,True
145,149794,Mauro de Azevedo Ribeiro Saab,4461090,Hipnoxx,Mauro Saab,48a0c9a3-9b2f-41d7-b466-09816b783d8b,Mauro Saab,Hipnoxx,0dd14ab3-5936-4bb3-bcab-e9816bc4201d,Izzet Skred,fuzzy,5.5,True
146,61827,William Richard Romão Da Silva,4461924,Will,William Richard Romão da Silva,2dcf8794-4379-440d-87cb-fe5cc9dc5cd4,William Richard Romão da Silva,Carlos_Will,af3dab42-89e9-4177-a6a6-708d230bafe5,Mono Red Rally,fuzzy,10.5,True
147,144065,Víctor Boell,4462166,Boell,Victor Boell,c1387fee-759e-4747-8665-3713bd3a23dc,Victor Boell,Boell,1be907a2-8beb-4337-b450-2fed4c0c2505,Burn,fuzzy,8.5,True
148,618807,Vinicius Issamu Santos Abe,4462267,Viniissamu,Vinicius Abe,9b459bbe-7521-44e6-8788-919d0fcb47bc,Vinicius Abe,Viniissamu,7f32ee41-98ca-4b1d-844a-12e7240b15c8,Abzan,fuzzy,5.5,True
149,716138,Roberta de Araújo,4465795,Robertaaraujo,Roberta de Araújo Rô,8f152138-b2f1-492b-a959-e3ebe40c0c9e,Roberta de Araújo,Robertaaraujo,13ce79b3-cb8e-4451-9571-ca5babf43f8f,Mono Red Rally,exact_name,100,True
150,15771,André Hubsch Neder,4457527,AndreNeder,André Neder,2f86351f-a433-4a20-ba04-7a527a97062e,André Neder,AndreNeder,444547ea-3d22-4e7a-ad16-f165d0dfa9d5,Tron,fuzzy,6.0,True
151,281995,ELVIS FERNANDES DA SILVA MACHADO,4464348,ElvisMachado,ELVIS FERNANDES DA MACHADO,93b36652-35a8-42d1-9b76-7565b16f0107,Elvis Fernandes da Machado,ElvisMachado,9aa7fe42-f278-4bfe-9df4-ecd2b5fe89f0,Selesnya,fuzzy,8.0,True
152,70975,Paulo Luís Darbello,4463918,Darbello,Paulo Darbello,6c351eb1-3089-4892-b452-d2950a46d316,Paulo Darbello,Darbello,a3f19b72-79e1-43c5-b8e6-361243ccf899,Esper Affinity,fuzzy,8.0,True
153,255594,Lucas Carvalho Silva,4463728,Highlander,Lucas Carvalho,3713e79d-1925-4f83-a8b2-f5967c80ebb4,Lucas Carvalho,Highlander,a9ada6a5-debd-404d-bd93-1f668406ae5b,Burn,fuzzy,4.5,True
154,47794,Amaro isaac de abuquerque,4457913,amrz,Amaro Albuquerque,15a402d5-02a6-45e7-af6a-3ebe59a85527,Amaro Albuquerque,amrz,d3ce3f6f-d4d1-4968-b6a0-0677ce457fcf,Esper Affinity,manual2,7,True
155,220198,William Morgan,4475510,morganeto,William Morgan,52c1d72a-3f9b-43cb-b4c1-102ceec1b838,William Morgan,morganeto,14c3b3ce-9ab2-44af-b970-1192a72d56ce,Jund Wildfire,fuzzy,6.5,True
156,39649,LUIS HENRIQUE BANDORIA,4465396,BrewStation,Luis Bandoria,41b935cc-665d-4755-a003-7bde207969d4,Luis Bandoria,BrewStation,bb593caa-46e7-4d55-a8d5-c34412b2eea3,Dimir Fadas,fuzzy,6.0,True
157,22228,guilherme watzko pacher,4465669,Potatos,GUILHERME PACHER,24df24a3-3fbb-4679-8746-e450e8799490,Guilherme Pacher,Potatos,2b00ce0c-8212-4894-9896-0a34e5ba02ac,Dimir Control,fuzzy,6.0,True
158,289853,Lucas Andrade Graciuti,4465715,Krosty8,Lucas Andrade Graciuti Krosty8,36362ea7-5e5e-412e-a2ad-c332789e1c3b,Lucas Andrade Graciuti,Krosty8,cbafc478-d083-40ba-948f-986a7b446b40,Dimir Fadas,exact_name,100,True
159,113152,Paulo Duarte Rocha Ramos,4473373,Loxodontes,Paulo Ramos Loxodontes,4c49eabc-be29-4d0e-bc4a-5d30ea8330c1,Paulo Ramos,Loxodontes,87e45a44-1b26-4f56-97aa-8a2775383d13,Mono Red Rally,fuzzy,5.5,True
160,88780,Alexandre C. Ferreira Lopes,4465982,AleDosGoblins,Alexandre Ferreira,2f2a14d9-183a-4e8c-bd30-3fc461f0870f,Alexandre Ferreira,Ale dos Goblins,36a29db5-4fb3-42af-9372-f602abfa7095,Burn,fuzzy,4.0,True
161,557959,João Paulo Maciel,4467068,Joao10,João Paulo Maciel,96f72d30-f476-4430-87e4-f6aff5f48448,João Paulo Maciel,Joao10,9b999e99-3905-420c-9153-b1cba220dc31,Land Spy,fuzzy,8.5,True
162,190642,Luiz Felipe Miranda Lima,4467371,Luizfml93,Luiz Felipe Miranda Lima Luiz Lima,eccc4f04-2f8f-4bd3-a2a5-b35ebee2b12c,Luiz Felipe Miranda Lima,Luizfml93,5b181163-0ba3-4e5f-bf0c-2e4c9404cbb8,White Weenie,exact_name,100,True
163,491268,Túlio Fernandes de Moura,4465492,planinauta_pobre,Túlio Moura,29340c59-0784-4be3-b85e-3716e90100a0,Túlio Moura,planinauta_pobre,d0849be3-80e3-4779-9e36-875b2e84d544,Mardu Synthesizer,fuzzy,6.0,True
164,703074,Gustavo Grings dos Santos,4437141,summerch1ld,Gustavo Grings,fc828488-2294-4f8a-9f56-79f9798b3ee0,Gustavo Grings,summerch1ld,1e8b9b7b-f270-4007-ac29-941310651f10,Mono White,fuzzy,4.5,True
165,490436,Natália de Araújo Moreno,4475766,antifadinha,Natalia antifadinha,ac77cb7c-f2f2-4f16-b721-516259c6ef22,Natalia,antifadinha,dc0e3e02-c712-4f31-929d-a99534ab7731,Mono Red,manual2,7,True
166,67120,Felipe Ramirez Oliveira,4468832,felipermz,Felipe Ramirez Oliveira Fê Ramirez,d22ed5eb-36e4-473c-83b9-178de4f9ed7c,Felipe Ramirez Oliveira,felipermz,91ff789b-f1ce-42c9-ad84-aae165b78af8,Mono Blue Aggro,exact_name,100,True
167,160870,Gustavo Gomes,4473844,gustavorg,Gustavo Gomes,da896701-cf63-48f1-a91d-e8db13e25f77,Gustavo Gomes,gustavorg,8eba5300-a46e-4a27-aecf-bb40826ce1a6,Tron Monster,fuzzy,6.5,True
168,55403,Yago Lima,4469189,receiver720,Yago Lima,c53b54ad-c9a5-4028-9410-12babf39282c,Yago Lima,receiver720,0557cf6e-44c0-4d84-84e5-eefe1ddf852a,Burn,fuzzy,6.5,True
169,150538,Thiago Henrique Vieira,4469211,Thieoes,Thiago Vieira,b5d8c4aa-3738-4ea6-b484-bbdf791e3e47,Thiago Vieira,Thieoes,03d7bd45-701a-4d1e-9322-b1508ed8a3bc,Dimir Terror,fuzzy,6.0,True
170,641284,Mateus Saraiva,4286707,Saraiva,Mateus Saraiva,1c3c61ad-01c2-4c10-b62f-88bdd72a8321,Mateus Saraiva,Saraiva,082ecce4-69cf-4680-bf9c-9b4ed7cd8be7,Mono Red Madness,fuzzy,8.5,True
171,299791,Bruno Simão Bartoli,4472010,bbartoli,Bruno Bartoli,d03d304f-9c4d-4ef9-8201-5cdc090f87e9,Bruno Bartoli,bbartoli,213ec8c5-dc6a-45ae-ac31-37ff3bb0ae58,Mono Green Tribe,fuzzy,6.0,True
172,20224,Bruno Salazar,4474213,brnSalazar,🎩 Bruno Salazar,b4022c1e-c16a-4602-835f-760d12725314,Bruno Salazar,brnSalazar,eb97d352-a1ac-4ee1-b38f-b05dbf6fe315,Mono Blue Fadas,fuzzy,6.5,True
173,63434,Kassio Rodrigues do Nascimento,4464443,DrkK,Kassio Rodrigues do Nascimento,eb0db225-d6c1-44c7-9c7c-5e848c67f2bb,Kassio Rodrigues do Nascimento,DrkK,33ccdb9d-70aa-4493-be25-95dbf8e8956c,Jeskai Bully,fuzzy,8.5,True
174,41601,Gabriel Garcia,4478318,Ganon000,Gabriel Garcia ganon000,9652f58c-253d-4374-b8f3-fdf09db767c5,Gabriel Garcia,Ganon000,af79f6de-934e-4be8-aeb5-d2a9cac7c423,Delver,exact_name,100,True
175,74960,Felipe Lapena Barreto,4478316,FelipeBarreto,Felipe Barreto,5964b10f-ad92-49dc-8e05-f596d91f1d64,Felipe Barreto,FelipeBarreto,dad9242c-65dd-4ab6-9336-d085dd5a0321,Burn,fuzzy,6.0,True
176,276901,CAIO HENRIQUE CASTELLO,4460384,CaioCastello,caio castello,eb3ef4b2-7493-4745-8f60-4b835afc958c,Caio Castello,CaioCastello,bc50d7a2-1a3e-45e0-8378-0f311d473a73,5C Gates,fuzzy,6.0,True
177,511090,Thyago de Carvalho Reis,4467494,cigano,Thyago de Carvalho Reis Cigano,2586a588-e24d-4e53-942d-18a3e0144601,Thyago de Carvalho Reis,cigano,aa579b2c-0ad3-45e5-8257-9774c5b189fa,Dimir Terror,exact_name,100,True
178,625043,João José Simonetti,4387023,JSimonetti,João José Simonetti Simonetti,1cb02bbb-a0dd-472f-921b-f5fc7a6a44e1,João José Simonetti,JSimonetti,e27a50f7-98e0-4862-bded-6d9b69a80e29,Grixis Affinity,exact_name,100,True
179,604637,Daniel Carneiro,4460436,Automud,Daniel Carneiro,4f3492e1-b594-45e3-8b40-44f5d40fc202,Daniel Carneiro,Automud,5e306de3-3344-4ffc-8da3-0ec0df2be72f,Land Spy,fuzzy,6.5,True
180,484853,Luis Felipe Maccheri de Toledo,4462617,Maccheri,Luis Felipe Maccheri de Toledo,7c4d1561-542a-49a0-9f48-cbc8ae45a14c,Luis Felipe Maccheri de Toledo,Maccheri,2bd07029-7758-4374-930c-81878f56ea02,Tron,fuzzy,12.5,True
181,724427,Felipe darbello,4460467,Felove10,Felipe Darbello Felipe,ec6bd40d-b8e2-4397-b87a-51c2f46e1ca7,Felipe Darbello,Felove10,531b8c19-d2d8-4914-a62b-866bccfb35ba,Esper,exact_name,100,True
182,674287,Moreno Bloch,4459345,morenobloch,Moreno Bloch Moreno,ac8b5078-2060-4661-9bb1-8ffc7bc33d76,Moreno Bloch,morenobloch,24220538-60d2-4a6b-a5e1-8d3a4632c62f,Grixis Affinity,exact_name,100,True
183,131246,Marcelo Miziara,4478308,telin,Marcelo Miziara,70495288-3170-42f6-8cb1-3a90f14cc158,Marcelo Miziara,telin,4c4538b5-e0eb-4182-b5c9-3bd9109a810a,Tron,fuzzy,6.5,True
184,621758,LUCAS DE ALMEIDA MARCELINO,4455861,LucasMarcelino,Lucas Marcelino,3a0bb0f7-ceb3-4d9c-b0cb-73f35ccb6e75,Lucas Marcelino,LucasMarcelino,c20d7242-a14f-471e-bf0f-edb5174c159e,Esper Affinity,fuzzy,6.0,True
185,690103,Glauber Rocha de Oliveira,4463987,GoBlinho,Glauber Rocha de Oliveira GoBlinho,1be62ebc-8ff7-44a7-8255-a11bf254e5dd,Glauber Rocha de Oliveira,GoBlinho,4886ee26-8fb2-46ad-8ba7-152e2a2ad8e7,Burn,exact_name,100,True
186,41238,thyron ferreira Leonardo,4465866,Thyron,Thyron Ferreira Leonardo Thyron,dc21d516-5e2f-4172-a6b2-066afa2a6116,Thyron Ferreira Leonardo,Thyron,60f014ee-ba74-4937-9456-42894b0e7a3d,Esper Affinity,exact_name,100,True
187,866621,Marcelo Mauad,4461264,Nozovoz,Marcelo Mauad Mauad,1a8cb67a-a95d-4f7a-b698-996585cc468f,Marcelo Mauad,Nozovoz,59ee6107-4445-4992-b7af-7b5ef526a60e,Rakdos Madness,exact_name,100,True
188,516641,Danilo Leão Santos Caetano,4462643,danilodanda,danilo giorno,4dbbb7e9-5bcb-49e2-8d55-b2b26f463d76,Danilo Giorno,danilodanda,4e4023a9-b085-4d29-a734-388729598c4d,Burn,manual2,7,True
189,432066,Jorge Fernando Kikuta,4467755,kikuTz,Jorge Kikuta,6793fbda-12ed-402f-9c0c-19fb2ad21802,Jorge Kikuta,kikuTz,3216431c-831b-4fec-a0fc-50e00d0ba122,Dimir Control,fuzzy,6.0,True
190,167982,Diego Leal Wolff,4461785,diegowolff,Diego Wolff,04f3ad60-ce3c-4997-a3be-52a9f5b7a127,Diego Wolff,diegowolff,28a5d07e-54bd-4d3c-980f-e206ef84bfbe,Gruul Ramp,fuzzy,6.0,True
191,577230,Miguel Ferreira Pires,4462295,Miguel_Azalk,Miguel Pires,da2e1c14-12dc-4ab3-90e9-29aa37a98823,Miguel Pires,Miguel_Azalk,90e8cc56-8f42-471d-9fd6-6d5303ed3be9,Dimir,fuzzy,6.0,True
192,253979,Kainã cesar bragiola,4423845,Atogue,Kainã Bragiola,d685be2a-47e9-41f9-b05d-0cd7032cdaa8,Kainã Bragiola,Atogue,06cd2aa2-e582-495a-8c98-fd501a666ee6,White Weenie,fuzzy,6.0,True
193,540486,João Luiz Moraes Gomes,4451968,JoaoLuiz,João Luiz João Luiz,11207096-6651-48fc-bf76-2cc8a159524d,João Luiz,JoaoLuiz,77701eea-23fb-442c-b509-eb137051489b,Slivers,fuzzy,4.0,True
194,69396,Marcio,4478387,marcioneris,Marcio Augusto Neris,ae30483f-2f0b-469d-992c-4105d8b24e7c,Marcio Augusto Neris,marcioneris,5381f364-a628-4b24-8125-74956f95bda6,Dimir Control,manual2,7,True
195,36179,Rodolfo Alves De Almeida,4478281,Rodolfoalvesdealmeida,Rodolfo alves Kal,f6e3935d-d82d-457d-9537-fe699a644093,Rodolfo Alves,Rodolfoalvesdealmeida,76064ba4-2f8f-4f45-a583-e3623d02c233,Grixis,fuzzy,4.5,True
196,52495,Felipe Felisberto Freitas,4462397,Korvach,Felipe Felisberto Freitas,a5a1db64-cbf2-4acc-8032-223be5404141,Felipe Felisberto Freitas,Korvach,2f02b0b6-1d65-48e1-b5f2-e4d138230f13,Mono Red Madness,fuzzy,8.5,True
197,597580,Maykol Crevelaro,4462418,MaykolCrevelaro,Maykol Crevelaro Maykol Crevelaro,6d36afab-cf14-479d-ae34-a2781385c2a7,Maykol Crevelaro,MaykolCrevelaro,d04bcb26-49bf-4447-9624-1363dd1ac09a,Simic Ponza,exact_name,100,True
198,129266,Bruno Barolo de Albuquerque,4476996,Bbarolo,Bruno Barolo,3cb8e4b3-61fc-4d62-b251-5dd623a38f74,Bruno Barolo,Bbarolo,e2f9bc81-b80c-4ba0-a5c3-f119ccc4156f,Mono Red Rally,fuzzy,4.5,True
199,147110,Robson luiz manoel,4452987,robsonlm88,Robson Manoel,c2a86346-5d9e-4f51-a7cb-9e6d80bfe1d5,Robson Manoel,robsonlm,80e5105b-b693-4450-8903-8ce16b5a64b0,Jeskai Control,fuzzy,6.0,True
200,511258,Gabriel Pinheiro,4466365,Rhods,Gabriel Pinheiro,fd46ef05-f686-4c79-9679-f4e4669cba5e,Gabriel Pinheiro,rhods,e902a7cc-8bc2-4f85-bc90-c343349a949d,Tron Monster,fuzzy,6.5,True
201,33835,Felipe Miguel R. da Silva,4458304,Miguelitooo,Felipe Miguelitooo,eb098ca3-e714-469b-b50e-73dca1512931,Felipe,Miguelitooo,9374e519-7a9a-4bf3-a05f-5346c93d3160,Burn,fuzzy,4.0,True
202,48442,fernando sari precetti,4463259,Precetti,Fernando Precetti,40d79d9e-264d-4396-aed0-99544cbcaca7,Fernando Precetti,Precetti,8e162743-be36-4a1a-a671-2ed9df4b86ce,Orzhov Aggro,fuzzy,8.0,True
203,498358,Rafael Fiamenghi,4451330,rafaelfiamenghi,Rafael Fiamenghi Rafael Fiamenghi,da1dd171-9b09-46b8-bbbc-c74140c7742b,Rafael Fiamenghi,R_Pyro,fd7ad121-1c01-4234-93e5-94bdfa1f80ca,White Weenie,exact_name,100,True
204,482742,Pedro Tofeti Barragana,4351251,pedrosojas,Pedro T.B,9f789789-8cd3-42cb-a483-087443796357,Pedro T.b,pedrosojas,6067406b-63a6-425e-97b5-a8ebb51ca8ba,Mono Blue Fadas,fuzzy,7,True
205,59475,Paulo Eduardo Lencioni,4452681,paulolencioni92,Paulo Lencioni,b5b7cdf1-1788-41c2-a311-0a23692de9f0,Paulo Lencioni,plencioni92,968602f8-44da-4442-a752-6ff87a5b1b5e,Mono Red,fuzzy,6.0,True
206,147108,Felipe Ribeiro Nemeth,4475679,FelipeNemeth,Felipe Ribeiro Nemeth Felipe Nemeth,f1771b49-a4c6-478e-89e0-aa1a0c7e6576,Felipe Ribeiro Nemeth,FelipeNemeth,583c38b2-ba32-4304-9a44-1b0640aaa2f2,White Weenie,exact_name,100,True
207,483622,Matheus Rigo,4458942,Apprenti,Matheus Rigo Apprenti,7f567cda-a5fb-4116-96a4-847999a72a91,Matheus Rigo,Apprenti,d3a34542-d45e-4214-8894-e4195163dd62,Tron Monster,exact_name,100,True
208,283906,Leandro Santana,4464327,leandro09,Leandro Santana,7266244f-accd-4ff7-9eb9-87eec9f4dacb,Leandro Santana,leandro09,81d0c6d5-3c3d-4ead-b499-3341e01a4d0f,Mono Blue Aggro,fuzzy,6.5,True
209,132449,cesar augusto oliveira da silva,4474977,caoscesar,cesar augusto oliveira da silva Cesão,15a988ba-1d3a-4fb1-b2f8-331b31afc25d,Cesar Augusto Oliveira da Silva,caoscesar,ed2b6d87-6a5b-45d7-a806-77071e748e22,Delver,exact_name,100,True
210,45130,Lucas Caruso Hervatin,4464389,Whenevar,Lucas Caruso Hervatin,1719378e-8af2-4532-93e7-9fc8ea063f09,Lucas Caruso Hervatin,Whenevar,11ef38e6-fecd-4cb7-a66a-7c40a58df669,Orzhov GlintBlade,fuzzy,8.5,True
211,25300,Tiago Luiz Tortella,4465400,Tartzei,Tiago Luiz Tortella,ba41d19e-b58d-4da3-993b-95216e4034c1,Tiago Luiz Tortella,Tartzei,9efd8dac-b29a-42e9-aa9b-859613b52266,Tron,fuzzy,8.5,True
212,311203,Gabriel Castelo,4434860,Castelo,Gabriel Castelo Garcia,f2be92fc-950c-4ac5-a62a-a1174a75d0e1,Gabriel Castelo Garcia,shazam,a6c8e3a4-fee5-4939-ab29-e6039aa29ba6,Tron Monster,fuzzy,8.5,True
213,68185,Diego Pupo Rodrigues,4465619,Dids7,Diego Rodrigues,ea7aeda6-a865-4ea9-bbca-5fbe7e6e113e,Diego Rodrigues,Dids7,6c904083-09be-4192-929a-8c6fdcfe0ebd,5C Gates,fuzzy,6.0,True
214,607184,Matheus Alexsander Santos Horácio,4465659,matheusalexsander,Matheus Alexsander Santos Horácio Scraummer,f02d4622-e9bb-4148-b6cc-50ab0c27db2f,Matheus Alexsander Santos Horácio Scraummer,matheusalexsander,1d60f341-a93f-4fa2-866b-38865b82f32d,Burn,fuzzy,10.5,True
215,160333,igor Marinho borges,4456040,Firmezinha,Igor marinho borges Firmezinha,e87f2461-ccc9-4d3c-aeda-98ccf156802d,Igor Marinho Borges,Firmezinha,fc3a12bd-1af9-4476-b1b6-0980dff4ad39,Azorius Control,exact_name,100,True
216,553751,Rafael Henrique dos santos da silva,4465747,rafahenrique,Rafael Silva,2ecb117a-6cc3-4e3e-942f-dd73e256b37e,Rafael Silva,rafahenrique,c6d721c1-738e-4411-98ff-3777dea2b8dc,Mono Red Madness,fuzzy,5.5,True
217,152287,Tiago leite da Silva,4465863,Tatimi1,Tiago Leite Tatimi,f1d6cda0-9b99-4adb-8bc0-851a86d855ab,Tiago Leite Tatimi,Tatimi1,e71f6c9a-65ae-492f-9561-75a96a4e6eae,Golgari Pestilence,fuzzy,4.5,True
218,475731,Welley Rezende Da Silva Neto,4467571,Terceiro,Welley Neto,0881c309-7bde-46a9-95b3-b71dca6129fb,Welley Neto,Terceiro,84c1a7c1-0363-4c61-bd25-6f8a74e86f0a,Mono Red Madness,fuzzy,5.5,True
219,174275,Vitor Kamada Martinez,4465914,VitorKamada,VITOR KAMADA,2929cce3-34be-4738-be73-513f4bbb1525,Vitor Kamada,vikizin,18d0095a-7041-4337-92ae-41201e0ae963,Mono Red Madness,fuzzy,4.5,True
220,470448,Cristian Brisola dos Santos,4466222,cristianbrisola,Cristian Brisola dos Santos,735ba87b-cb39-491e-a31a-30cec074951d,Cristian Brisola dos Santos,cristianbrisola,1126fd9f-a4f0-494a-ba3e-1a046ab68d77,Burn,fuzzy,8.5,True
221,27626,Rodolfo Giovanni,4466847,luckyitu,Rodolfo Giovanni de Barros Camargo luckyitu,bf66d01c-791b-4de0-8404-3278fa27c1fc,Rodolfo Giovanni de Barros Camargo,luckyitu,ce06c18b-64d0-4b1d-b830-bcbde21cf364,Dimir Control,fuzzy,6.5,True
222,487840,Ana Clara Fernandes Bicudo Cruz Sanchez,4476635,ana_clara,Ana Clara ana,741cba0c-1ac1-4f28-9ceb-459f98071912,Ana Clara Fernandes Bicudo Cruz Sanchez,ana_clara,c9988f26-fca0-4b61-aeda-02f8b7cd6328,Mono Red Rally,manual_user,10,True
223,32505,Marcello Santimaria Paes,4472318,JARX1_Marcello_2L,Marcello Santimaria,1816385c-b6d0-43cc-9741-0e1e411e16df,Marcello Santimaria,JARX1_Marcello_2L,e41849d6-e9f8-41fa-830f-e9ec0461b70a,Rakdos Madness,fuzzy,4.5,True
224,799884,Matteus Mariano De Sousa,4465652,Burns14,Matteus Sousa Burns,cf37151d-b4cd-4820-915b-73e471f61a21,Matteus Sousa Burns,Burns14,abf260fd-56fb-41dd-ae66-17c4b3cf62d1,Esper Affinity,fuzzy,6.0,True
225,83777,William Hideki Oshiro,4476640,williamoshiro,William Oshiro,b54900ce-726c-48a0-bb02-b506280271fd,William Oshiro,hdk.,c20faed8-4366-4ea6-9d6e-d68a7c2924e2,Mono Blue Terror,fuzzy,6.0,True
226,73303,Marcus Vinícius Frizo,4471440,PolarBoy,Marcus Vinicius Frizo,b5eeac1a-6aeb-490a-92fa-62c788f0d26f,Marcus Vinicius Frizo,PolarBoy,b7a72f14-0121-4660-b11d-31731540809e,Ruby Storm,fuzzy,8.5,True
227,56157,Mononoke Mononoke,4467474,BrunoRech,Bruno Rech,7396e15c-94e0-4737-b846-2bfb533f6c14,Bruno Rech,Polydeuces,b2a79a6f-7d15-4328-8384-015c4e9b18e6,Poison Storm,pairing_clm_melee,10,True
228,328074,José Guilherme Aparecido Ferreira,4467683,N4G64,José Ferreira,68d1a79d-f2d3-4486-abdd-2da665b00f62,José Ferreira,N4G64,9a8da72d-0770-4e3e-99be-b8bf887435ea,Azorius Familiars,fuzzy,5.5,True
229,50596,Gustavo Damacena da Conceição Gomes,4467908,0800deus,Gustavo Damacena da Conceição Gomes Gusta,607d53e8-ffb7-457e-86f6-68620e5979f8,Gustavo Damacena da Conceição Gomes Gusta,0800deus,2a2b43e3-a17b-4d58-ae12-a7e63c44e89a,Esper,fuzzy,10.5,True
230,17154,Jonata Roberto Didona,4468231,jonatard,JONATA ROBERTO DIDONA DIDONA,2526f2a2-3c7a-4a6d-9f18-5c0770ee06b9,Jonata Roberto Didona,jonatard,f34b9eae-169d-4926-b827-0430fa38d6b1,Tron,exact_name,100,True
231,95351,Pedro Augusto Pereira Batista,4468349,PedroBatista,Pedro Batista,5ce31692-be91-4277-b222-6ff9744228db,Pedro Batista,PedroBatista,33e802b0-3f1d-44a5-b8de-8c99d1861100,Grixis,fuzzy,5.5,True
232,212794,Daniel Motta Mariano Gonçalves,4466329,DanielMotta,Daniel Gonçalves,6effa2da-4e44-47be-a616-dee07ff34594,Daniel Gonçalves,DanielMotta,61567257-05cc-412e-9dea-a252a68f1cdd,Burn,fuzzy,5.5,True
233,204090,LUCAS RODRIGO DE AMORIM,4467696,lucasnin255,Lucas Amorim,7867a41a-3379-47b8-a62e-5b6e43a96a63,Lucas Amorim,Plydeices,e4ab347a-e582-42ab-a5c3-653a15bc4fb9,Dimir Control,fuzzy,6.0,True
234,519755,Gustavo Matias da Silva,4474283,GustavoMatias,Gustavo Matias,c69ca953-85b1-4e18-a86a-454507e8e57a,Gustavo Matias,GustavoMatias,03fa2a02-3ee4-4059-9a82-88e5e1bc94a8,Golgari Gardens,fuzzy,4.5,True
235,57902,Arthur Santarem Nunez de Souza Gomes,4475305,Arthursantarem,Arthur Santarem Nunes De Souza Gomes,59501d40-4a64-4adf-a220-e00cc6a46a51,Arthur Santarem Nunes de Souza Gomes,Arthursantarem,c542f000-388f-4656-b409-61e97f7b1ebd,White Weenie,fuzzy,10.0,True
236,466202,Edvaldo Tavares,4476925,Edvaldo1997,Edvaldo Garruk,d560c1ca-83b3-417c-af24-1778a6353915,Edvaldo Garruk,Edvaldo1997,73e9342c-788b-4d2f-898d-263ba1c36c67,GW Auras,manual2,7,True
237,156054,Carlos Gustavo Frank Leme,4469194,Vryxiaz,Carlos Frank,24794896-969a-4fa6-a8bf-5e1975dce040,Carlos Frank,Vryxiaz,ac312bf1-2ee6-417c-ae96-b3060df1e8ac,Delver,fuzzy,4.0,True
238,311799,Leandro floresta dos santos,4459343,floresta_rj,leandro floresta,dc016515-9293-42ba-8731-83f02f885ed7,Leandro Floresta dos Santos,LEANDROFLORESTA,54d1d7a6-73b4-43f9-be2f-ec491502d8a1,Dimir Fadas,exact_name,100,True
239,106176,Leonardo de Oliveira Almeida,4478030,leoz3x,LEO LEO,b11e553f-00c1-4b9c-be3f-6c2a49db2685,Leo,leoz3x,bf176e58-ee75-4847-b529-e75f31c133ab,Mono Green Stompy,pairing_clm_melee,10,True
240,147754,Everton Roberto Afarelli,4473077,Everton,Everton Afarelli,17c5c93f-6afe-49cd-b87e-6a59f4eb02b2,Everton Afarelli,Everton,9bf41bf0-d831-4907-b481-1b7c1862f641,Mono Green Stompy,fuzzy,8.0,True
241,797576,Lennon Oliveira Carvalho,4473136,Bryanpander1,Lennon Oliveira Carvalho Bryanpander,6fd7bc26-9a39-423f-ad3a-7c2a628b0c44,Lennon Oliveira Carvalho Bryanpander,Bryanpander1,374326d3-1425-4a1e-91ca-6e6580db1b32,Grixis Affinity,fuzzy,8.5,True
242,515519,Filipe Primo,4475612,PrimoShow,Filipe Primo,12bed7c7-015b-4b8d-ac22-bebd0334901b,Filipe Primo,PrimoShow,917e5bbd-c855-47f4-80f6-09aa239f610a,Gruul Aggro,fuzzy,6.5,True
243,186442,Alessandro zanini,4470893,AlessandroZanini,Alessandro Zanini Alex,65b5a32f-dd87-4890-a475-dfb6db960492,Alessandro Zanini,AlessandroZanini,759383c0-bfaf-4ad5-bee9-3918e9370e98,Golgari Gardens,exact_name,100,True
244,65352,Pedro Ivo Gomes,4476644,Pigmax,Pedro Gomes,4c2fb506-752f-4975-b909-96c6d0996926,Pedro Gomes,Pigmax,eaefae1a-4d5e-4fc5-8222-b706a057dabf,Dimir Control,fuzzy,6.0,True
245,55469,Rudson Castro Reis,4478394,Rudzilla_Rudson,Rudson  (Rudzilla),fce52524-f064-4b88-91a5-76c48cdf7fcc,Rudson Rudzilla,Rudzilla,9889f053-8811-404d-b3fb-b63ec75710b5,Dimir Terror,manual2,7,True
,119879,Horus Ibrahim Orlandi,4478516,horusorlandi,Horus Orlandi,7c8fdd70-ca19-4d65-8ac0-4dc217be50d7,Horus Orlandi,horusorlandi,40a0cb1f-09f1-49c7-b552-1b5d1eb72e86,Izzet Kiln Fiend,manual_user,10,True
,794833,Marcus Vinicius Feliz Machado Neto,4478464,ShoWerVer,Marcus Machado,97413e8e-e003-463a-984d-3fdbd6d1637f,Marcus Vinicius Feliz Machado Neto,ShoWerVer,e26b0247-c175-4892-8045-dd34d3d1f7bf,Dimir Control,manual_user,10,True
